constituency,Donations and other support (including loans) for activities as an MP_sum,Employment and earnings_sum,Employment and earnings - Ad hoc payments_sum,Employment and earnings - Ongoing paid employment_sum,Gifts and benefits from sources outside the UK_sum,"Gifts, benefits and hospitality from UK sources_sum",Land and property (within or outside the UK)_sum,Miscellaneous_sum,Shareholdings_sum,Visits outside the UK_sum
Aberafan Maesteg,12000.0,0.0,0.0,0.0,0.0,0.0,0.0,0.0,0.0,0.0
Aberdeen South,30000.0,0.0,0.0,0.0,0.0,350.0,0.0,0.0,0.0,0.0
Aberdeenshire North and Moray East,2000.0,0.0,0.0,1778.75,0.0,0.0,0.0,0.0,0.0,0.0
Airdrie and Shotts,10000.0,0.0,584.79,1256.81,0.0,0.0,0.0,0.0,0.0,0.0
Aldershot,31350.0,0.0,0.0,0.0,0.0,0.0,0.0,0.0,0.0,0.0
Aldridge-Brownhills,9000.0,0.0,0.0,0.0,0.0,0.0,0.0,0.0,0.0,0.0
Alloa and Grangemouth,11000.0,0.0,0.0,1497.78,0.0,0.0,0.0,0.0,0.0,0.0
Altrincham and Sale West,10500.0,0.0,19432.239999999998,0.0,0.0,0.0,0.0,0.0,0.0,0.0
Alyn and Deeside,10000.0,0.0,400.0,0.0,0.0,552.0,0.0,0.0,0.0,0.0
Amber Valley,22446.97,0.0,0.0,0.0,0.0,500.0,0.0,0.0,0.0,0.0
Angus and Perthshire Glens,0.0,0.0,0.0,0.0,0.0,0.0,0.0,0.0,0.0,0.0
Arbroath and Broughty Ferry,0.0,0.0,8342.39,791.55,0.0,0.0,0.0,0.0,0.0,0.0
"Argyll, Bute and South Lochaber",0.0,0.0,0.0,0.0,0.0,0.0,0.0,0.0,0.0,0.0
Arundel and South Downs,44500.0,0.0,0.0,0.0,0.0,400.0,0.0,0.0,0.0,0.0
Ashfield,0.0,0.0,2720.13,100000.0,0.0,0.0,0.0,0.0,0.0,0.0
Ashford,0.0,0.0,586.07,6330.67,0.0,0.0,0.0,0.0,0.0,0.0
Ashton-under-Lyne,99929.5,0.0,0.0,0.0,836.0,5228.0,0.0,0.0,0.0,0.0
Aylesbury,15000.0,0.0,2221.6,0.0,0.0,0.0,0.0,0.0,0.0,0.0
"Ayr, Carrick and Cumnock",0.0,0.0,6352.26,1778.75,0.0,0.0,0.0,0.0,0.0,0.0
Banbury,15000.0,0.0,0.0,2583.19,0.0,0.0,0.0,0.0,0.0,0.0
Bangor Aberconwy,10000.0,0.0,0.0,0.0,0.0,0.0,0.0,0.0,0.0,0.0
Barking,5001.0,0.0,0.0,7692.0,0.0,0.0,0.0,0.0,0.0,0.0
Barnsley North,44000.0,0.0,0.0,0.0,0.0,665.0,0.0,0.0,0.0,0.0
Barnsley South,2000.0,0.0,0.0,0.0,0.0,3411.3599999999997,0.0,0.0,0.0,0.0
Barrow and Furness,63000.0,0.0,0.0,0.0,0.0,0.0,0.0,0.0,0.0,0.0
Basildon and Billericay,15000.0,0.0,0.0,0.0,0.0,400.0,0.0,0.0,0.0,0.0
Basingstoke,39000.0,0.0,0.0,0.0,0.0,0.0,0.0,0.0,0.0,0.0
Bassetlaw,25464.0,0.0,184.63,0.0,0.0,700.0,0.0,0.0,0.0,0.0
Bath,0.0,0.0,0.0,0.0,0.0,0.0,0.0,0.0,0.0,0.0
Bathgate and Linlithgow,5000.0,0.0,418.44,0.0,0.0,0.0,0.0,0.0,0.0,0.0
Batley and Spen,7750.0,0.0,0.0,0.0,0.0,0.0,0.0,0.0,0.0,0.0
Battersea,21436.0,0.0,2000.0,0.0,0.0,0.0,0.0,0.0,0.0,0.0
Beaconsfield,26500.0,0.0,0.0,0.0,0.0,0.0,0.0,0.0,0.0,0.0
Beckenham and Penge,44000.0,0.0,0.0,0.0,0.0,2945.0,0.0,0.0,0.0,0.0
Bedford,4250.0,0.0,0.0,0.0,707.0,400.0,0.0,0.0,0.0,0.0
Belfast East,0.0,0.0,0.0,0.0,0.0,0.0,0.0,0.0,0.0,0.0
Belfast North,0.0,0.0,0.0,4672.0,0.0,454.55,0.0,0.0,0.0,0.0
Belfast South and Mid Down,0.0,0.0,0.0,0.0,0.0,0.0,0.0,0.0,0.0,0.0
Belfast West,0.0,0.0,0.0,0.0,0.0,0.0,0.0,0.0,0.0,0.0
Bermondsey and Old Southwark,6250.0,0.0,0.0,0.0,0.0,0.0,0.0,0.0,0.0,0.0
"Berwickshire, Roxburgh and Selkirk",25000.0,0.0,0.0,0.0,0.0,375.0,0.0,0.0,0.0,0.0
Bethnal Green and Stepney,0.0,0.0,0.0,0.0,0.0,0.0,0.0,0.0,0.0,0.0
Beverley and Holderness,12000.0,0.0,0.0,0.0,0.0,0.0,0.0,0.0,0.0,0.0
Bexhill and Battle,5000.0,0.0,0.0,0.0,0.0,0.0,0.0,0.0,0.0,0.0
Bexleyheath and Crayford,0.0,0.0,0.0,0.0,0.0,0.0,0.0,0.0,0.0,0.0
Bicester and Woodstock,64500.0,0.0,1887.91,1113.0,0.0,1283.11,0.0,0.0,0.0,0.0
Birkenhead,5000.0,0.0,0.0,0.0,0.0,1048.0,0.0,0.0,0.0,0.0
Birmingham Edgbaston,10000.0,0.0,0.0,0.0,0.0,476.0,0.0,0.0,0.0,0.0
Birmingham Erdington,0.0,0.0,913.6,300.0,0.0,600.0,0.0,0.0,0.0,0.0
Birmingham Hall Green and Moseley,15000.0,0.0,0.0,0.0,0.0,0.0,0.0,0.0,0.0,0.0
Birmingham Hodge Hill and Solihull North,0.0,0.0,4550.0,0.0,0.0,0.0,0.0,0.0,0.0,0.0
Birmingham Ladywood,153968.0,0.0,0.0,0.0,0.0,0.0,0.0,0.0,0.0,0.0
Birmingham Northfield,13818.66,0.0,2772.3,5704.29,0.0,0.0,0.0,0.0,0.0,0.0
Birmingham Perry Barr,0.0,0.0,0.0,0.0,0.0,0.0,0.0,0.0,0.0,0.0
Birmingham Selly Oak,2000.0,0.0,0.0,0.0,0.0,0.0,0.0,0.0,0.0,0.0
Birmingham Yardley,3000.0,0.0,68986.28,0.0,0.0,310.0,0.0,0.0,0.0,0.0
Bishop Auckland,32000.0,0.0,2407.62,0.0,0.0,0.0,0.0,0.0,0.0,0.0
Blackburn,1950.0,0.0,0.0,4250.0,0.0,0.0,0.0,0.0,0.0,0.0
Blackley and Middleton South,0.0,0.0,0.0,0.0,0.0,0.0,0.0,0.0,0.0,0.0
Blackpool North and Fleetwood,15000.0,0.0,0.0,18481.39,0.0,0.0,0.0,0.0,0.0,0.0
Blackpool South,37500.0,0.0,0.0,0.0,0.0,1600.0,0.0,0.0,0.0,0.0
Blaenau Gwent and Rhymney,2000.0,0.0,0.0,0.0,0.0,0.0,0.0,0.0,0.0,0.0
Blaydon and Consett,5667.0,0.0,0.0,0.0,0.0,0.0,0.0,0.0,0.0,0.0
Blyth and Ashington,20000.0,0.0,0.0,0.0,0.0,0.0,0.0,0.0,0.0,0.0
Bognor Regis and Littlehampton,9500.0,0.0,0.0,0.0,0.0,0.0,0.0,0.0,0.0,0.0
Bolsover,34046.0,0.0,0.0,3323.81,0.0,0.0,0.0,0.0,0.0,0.0
Bolton North East,21000.0,0.0,0.0,2463.56,0.0,0.0,0.0,0.0,0.0,0.0
Bolton South and Walkden,15000.0,0.0,0.0,0.0,0.0,0.0,0.0,0.0,0.0,0.0
Bolton West,17000.0,0.0,5695.38,0.0,0.0,394.0,0.0,0.0,0.0,0.0
Boston and Skegness,0.0,0.0,0.0,11685.0,0.0,0.0,0.0,0.0,0.0,0.0
Bournemouth East,35070.85,0.0,2423.6,0.0,0.0,0.0,0.0,0.0,0.0,0.0
Bournemouth West,50000.0,0.0,0.0,0.0,0.0,0.0,0.0,0.0,0.0,0.0
Bracknell,3000.0,0.0,734.71,0.0,0.0,0.0,0.0,0.0,0.0,0.0
Bradford East,11620.0,0.0,0.0,0.0,0.0,0.0,0.0,0.0,0.0,0.0
Bradford West,44500.0,0.0,9225.0,0.0,0.0,0.0,0.0,0.0,0.0,0.0
Braintree,297500.0,0.0,0.0,0.0,0.0,0.0,0.0,0.0,0.0,0.0
"Brecon, Radnor and Cwm Tawe",36650.0,0.0,0.0,0.0,0.0,983.9,0.0,0.0,0.0,0.0
Brent East,14971.0,0.0,1000.0,0.0,0.0,0.0,0.0,0.0,0.0,0.0
Brent West,24500.0,0.0,6000.0,33000.0,0.0,0.0,0.0,0.0,0.0,0.0
Brentford and Isleworth,0.0,0.0,0.0,0.0,0.0,418.0,0.0,0.0,0.0,0.0
Brentwood and Ongar,7817.24,0.0,0.0,0.0,0.0,0.0,0.0,0.0,0.0,0.0
Bridgend,15000.0,0.0,0.0,0.0,0.0,0.0,0.0,0.0,0.0,0.0
Bridgwater,7500.0,0.0,0.0,1080.0,0.0,1367.0,0.0,0.0,0.0,0.0
Bridlington and The Wolds,40000.0,0.0,0.0,0.0,0.0,0.0,0.0,0.0,0.0,0.0
Brigg and Immingham,5870.98,0.0,0.0,0.0,0.0,0.0,0.0,0.0,0.0,0.0
Brighton Kemptown and Peacehaven,2767.33,0.0,2634.1,0.0,0.0,1660.0,0.0,0.0,0.0,0.0
Brighton Pavilion,174786.07,0.0,0.0,0.0,0.0,0.0,0.0,0.0,0.0,0.0
Bristol Central,196265.27,0.0,2201.1,0.0,0.0,5664.94,0.0,0.0,0.0,0.0
Bristol East,5000.0,0.0,0.0,0.0,0.0,350.0,0.0,0.0,0.0,0.0
Bristol North East,5000.0,0.0,0.0,0.0,0.0,0.0,0.0,0.0,0.0,0.0
Bristol North West,135061.83000000002,0.0,0.0,0.0,0.0,6155.0,0.0,0.0,0.0,0.0
Bristol South,0.0,0.0,0.0,0.0,0.0,0.0,0.0,0.0,0.0,0.0
Broadland and Fakenham,0.0,0.0,0.0,3000.0,0.0,0.0,0.0,0.0,0.0,0.0
Bromley and Biggin Hill,13500.0,0.0,0.0,0.0,0.0,301.0,0.0,0.0,0.0,0.0
Bromsgrove,13000.0,0.0,4342.08,0.0,0.0,3608.9500000000003,0.0,0.0,0.0,0.0
Broxbourne,33023.520000000004,0.0,548.39,11751.0,0.0,4006.95,0.0,0.0,0.0,0.0
Broxtowe,13321.0,0.0,0.0,0.0,0.0,500.0,0.0,0.0,0.0,0.0
Buckingham and Bletchley,15000.0,0.0,0.0,6855.68,0.0,460.0,0.0,0.0,0.0,0.0
Burnley,39000.0,0.0,0.0,0.0,0.0,0.0,0.0,0.0,0.0,0.0
Burton and Uttoxeter,17000.0,0.0,651.02,0.0,0.0,0.0,0.0,0.0,0.0,0.0
Bury North,40500.0,0.0,0.0,0.0,0.0,13054.720000000001,0.0,0.0,0.0,0.0
Bury South,0.0,0.0,0.0,0.0,0.0,0.0,0.0,0.0,0.0,0.0
Bury St Edmunds and Stowmarket,0.0,0.0,6733.04,393.5,0.0,0.0,0.0,0.0,0.0,0.0
Caerfyrddin,4000.0,0.0,3172.0,0.0,0.0,0.0,0.0,0.0,0.0,0.0
Caerphilly,0.0,0.0,1095.0,0.0,0.0,0.0,0.0,0.0,0.0,0.0
"Caithness, Sutherland and Easter Ross",0.0,0.0,0.0,0.0,0.0,0.0,0.0,0.0,0.0,0.0
Calder Valley,23000.0,0.0,0.0,2197.4,0.0,0.0,0.0,0.0,0.0,0.0
Camborne and Redruth,29530.0,0.0,0.0,0.0,0.0,0.0,0.0,0.0,0.0,0.0
Cambridge,0.0,0.0,0.0,0.0,0.0,0.0,0.0,0.0,0.0,0.0
Cannock Chase,27500.0,0.0,0.0,0.0,0.0,0.0,0.0,0.0,0.0,0.0
Canterbury,12000.0,0.0,0.0,0.0,0.0,0.0,0.0,0.0,0.0,0.0
Cardiff East,8000.0,0.0,0.0,0.0,0.0,1317.6,0.0,0.0,0.0,0.0
Cardiff North,5000.0,0.0,0.0,0.0,0.0,380.0,0.0,0.0,0.0,0.0
Cardiff South and Penarth,7000.0,0.0,0.0,0.0,465.0,357.6,0.0,0.0,0.0,0.0
Cardiff West,0.0,0.0,6652.98,0.0,0.0,0.0,0.0,0.0,0.0,0.0
Carlisle,20000.0,0.0,1920.0,0.0,0.0,0.0,0.0,0.0,0.0,0.0
Carshalton and Wallington,28252.0,0.0,1047.83,119.52,0.0,1475.85,0.0,0.0,0.0,0.0
Castle Point,18000.0,0.0,0.0,0.0,0.0,0.0,0.0,0.0,0.0,0.0
Central Ayrshire,1800.0,0.0,0.0,0.0,0.0,450.0,0.0,0.0,0.0,0.0
Central Devon,45000.0,0.0,0.0,0.0,0.0,0.0,0.0,0.0,0.0,0.0
Central Suffolk and North Ipswich,9500.0,0.0,0.0,0.0,0.0,0.0,0.0,0.0,0.0,0.0
Chatham and Aylesford,3575.64,0.0,1825.87,0.0,0.0,0.0,0.0,0.0,0.0,0.0
Cheadle,33000.0,0.0,0.0,921.22,0.0,0.0,0.0,0.0,0.0,0.0
Chelmsford,0.0,0.0,0.0,3131.42,0.0,1932.9,0.0,0.0,0.0,0.0
Chelsea and Fulham,22200.0,0.0,2431.8,0.0,0.0,0.0,0.0,0.0,0.0,0.0
Cheltenham,63450.0,0.0,0.0,0.0,0.0,863.69,0.0,0.0,0.0,0.0
Chesham and Amersham,55450.0,0.0,0.0,0.0,0.0,324.91,0.0,0.0,0.0,0.0
Chester South and Eddisbury,30505.35,0.0,0.0,1047.5,0.0,1737.0,0.0,0.0,0.0,0.0
Chesterfield,15000.0,0.0,0.0,0.0,0.0,1438.24,0.0,0.0,0.0,0.0
Chichester,99643.0,0.0,616.0,416.0,0.0,2160.0,0.0,0.0,0.0,0.0
Chingford and Woodford Green,15000.0,0.0,8950.0,0.0,0.0,1975.0,0.0,0.0,0.0,0.0
Chippenham,19498.0,0.0,2940.1,1322.42,0.0,0.0,0.0,0.0,0.0,0.0
Chipping Barnet,45050.0,0.0,0.0,0.0,0.0,0.0,0.0,0.0,0.0,0.0
Chorley,2995.0,0.0,0.0,0.0,0.0,0.0,0.0,0.0,0.0,0.0
Christchurch,0.0,0.0,600.0,0.0,0.0,0.0,0.0,0.0,0.0,0.0
Cities of London and Westminster,94469.69,0.0,143.32,0.0,0.0,525.0,0.0,0.0,0.0,0.0
City of Durham,14000.0,0.0,0.0,0.0,0.0,0.0,0.0,0.0,0.0,0.0
Clacton,0.0,0.0,547585.27,4000.0,0.0,11333.2,0.0,0.0,0.0,0.0
Clapham and Brixton Hill,14000.0,0.0,1000.0,0.0,0.0,0.0,0.0,0.0,0.0,0.0
Clwyd East,34800.0,0.0,0.0,0.0,0.0,0.0,0.0,0.0,0.0,0.0
Clwyd North,17000.0,0.0,546.37,0.0,0.0,0.0,0.0,0.0,0.0,0.0
Clwyd West,9000.0,0.0,0.0,0.0,0.0,3000.0,0.0,0.0,0.0,0.0
Coatbridge and Bellshill,25000.0,0.0,2434.04,0.0,0.0,0.0,0.0,0.0,0.0,0.0
Colchester,20000.0,0.0,631.38,7180.75,0.0,0.0,0.0,0.0,0.0,0.0
Colne Valley,17000.0,0.0,0.0,0.0,0.0,0.0,0.0,0.0,0.0,0.0
Congleton,3000.0,0.0,8330.0,0.0,0.0,0.0,0.0,0.0,0.0,0.0
Corby and East Northamptonshire,23000.0,0.0,1800.0,0.0,0.0,0.0,0.0,0.0,0.0,0.0
Coventry East,13000.0,0.0,0.0,0.0,0.0,1708.0,0.0,0.0,0.0,0.0
Coventry North West,5000.0,0.0,0.0,0.0,0.0,540.0,0.0,0.0,0.0,0.0
Coventry South,34339.66,0.0,0.0,0.0,0.0,316.0,0.0,0.0,0.0,0.0
Cowdenbeath and Kirkcaldy,9000.0,0.0,1887.0,0.0,0.0,0.0,0.0,0.0,0.0,0.0
Cramlington and Killingworth,20750.0,0.0,1084.35,0.0,0.0,0.0,0.0,0.0,0.0,0.0
Crawley,22000.0,0.0,656.25,1354.23,0.0,0.0,0.0,0.0,0.0,0.0
Crewe and Nantwich,10000.0,0.0,0.0,3469.23,0.0,0.0,0.0,0.0,0.0,0.0
Croydon East,0.0,0.0,47219.0,2713.23,0.0,0.0,0.0,0.0,0.0,0.0
Croydon South,0.0,0.0,0.0,0.0,0.0,0.0,0.0,0.0,0.0,0.0
Croydon West,12000.0,0.0,0.0,0.0,0.0,0.0,0.0,0.0,0.0,0.0
Cumbernauld and Kirkintilloch,25250.0,0.0,615.85,0.0,0.0,0.0,0.0,0.0,0.0,0.0
Dagenham and Rainham,34321.520000000004,0.0,838.84,0.0,0.0,0.0,0.0,0.0,0.0,0.0
Darlington,31500.0,0.0,4971.51,0.0,0.0,0.0,0.0,0.0,0.0,0.0
Dartford,0.0,0.0,0.0,0.0,0.0,0.0,0.0,0.0,0.0,0.0
Daventry,0.0,0.0,0.0,0.0,0.0,515.68,0.0,0.0,0.0,0.0
Derby North,25000.0,0.0,0.0,0.0,0.0,0.0,0.0,0.0,0.0,0.0
Derby South,44400.0,0.0,68671.51000000001,0.0,0.0,0.0,0.0,0.0,0.0,0.0
Derbyshire Dales,0.0,0.0,0.0,12825.48,0.0,0.0,0.0,0.0,0.0,0.0
Dewsbury and Batley,14630.26,0.0,0.0,0.0,0.0,0.0,0.0,0.0,0.0,0.0
Didcot and Wantage,65000.0,0.0,4450.0,0.0,0.0,442.54,0.0,0.0,0.0,0.0
Doncaster Central,7000.0,0.0,0.0,0.0,0.0,484.0,0.0,0.0,0.0,0.0
Doncaster East and the Isle of Axholme,20000.0,0.0,7703.9400000000005,0.0,0.0,960.0,0.0,0.0,0.0,0.0
Doncaster North,354000.0,0.0,0.0,0.0,0.0,0.0,0.0,0.0,0.0,0.0
Dorking and Horley,94405.49,0.0,752.53,0.0,0.0,0.0,0.0,0.0,0.0,0.0
Dover and Deal,32050.0,0.0,3458.38,0.0,0.0,450.0,0.0,0.0,0.0,0.0
Droitwich and Evesham,5000.0,0.0,0.0,0.0,0.0,6160.0,0.0,0.0,0.0,0.0
Dudley,0.0,0.0,0.0,0.0,0.0,0.0,0.0,0.0,0.0,0.0
Dulwich and West Norwood,9000.0,0.0,0.0,0.0,0.0,0.0,0.0,0.0,0.0,0.0
Dumfries and Galloway,25000.0,0.0,0.0,0.0,0.0,0.0,0.0,0.0,0.0,0.0
"Dumfriesshire, Clydesdale and Tweeddale",38500.0,0.0,0.0,0.0,0.0,0.0,0.0,0.0,0.0,0.0
Dundee Central,2000.0,0.0,0.0,0.0,0.0,0.0,0.0,0.0,0.0,0.0
Dunfermline and Dollar,22500.0,0.0,1982.71,1900.0,0.0,0.0,0.0,0.0,0.0,0.0
Dunstable and Leighton Buzzard,0.0,0.0,0.0,0.0,0.0,0.0,0.0,0.0,0.0,0.0
Dwyfor Meirionnydd,32150.0,0.0,0.0,0.0,0.0,0.0,0.0,0.0,0.0,0.0
Ealing Central and Acton,0.0,0.0,0.0,0.0,0.0,1250.0,0.0,0.0,0.0,0.0
Ealing North,5000.0,0.0,0.0,0.0,0.0,0.0,0.0,0.0,0.0,0.0
Ealing Southall,6225.0,0.0,257.17,852.9,0.0,425.0,0.0,0.0,0.0,0.0
Earley and Woodley,92000.0,0.0,29780.800000000003,0.0,0.0,570.0,0.0,0.0,0.0,0.0
Easington,56454.0,0.0,0.0,0.0,0.0,400.0,0.0,0.0,0.0,0.0
East Antrim,0.0,0.0,0.0,0.0,0.0,0.0,0.0,0.0,0.0,0.0
East Grinstead and Uckfield,6000.0,0.0,0.0,0.0,0.0,400.0,0.0,0.0,0.0,0.0
East Ham,4000.0,0.0,0.0,0.0,0.0,0.0,0.0,0.0,0.0,0.0
East Hampshire,17500.0,0.0,0.0,0.0,0.0,0.0,0.0,0.0,0.0,0.0
East Kilbride and Strathaven,25000.0,0.0,0.0,0.0,0.0,0.0,0.0,0.0,0.0,0.0
East Londonderry,0.0,0.0,0.0,0.0,0.0,0.0,0.0,0.0,0.0,0.0
East Renfrewshire,18900.0,0.0,11400.0,0.0,0.0,0.0,0.0,0.0,0.0,0.0
East Surrey,44500.0,0.0,2000.0,0.0,0.0,7182.0,0.0,0.0,0.0,0.0
East Thanet,35000.0,0.0,0.0,0.0,0.0,500.0,0.0,0.0,0.0,0.0
East Wiltshire,0.0,0.0,0.0,0.0,0.0,0.0,0.0,0.0,0.0,0.0
East Worthing and Shoreham,29000.0,0.0,1668.51,0.0,0.0,1000.0,0.0,0.0,0.0,0.0
Eastbourne,75041.62,0.0,0.0,0.0,0.0,1425.6,0.0,0.0,0.0,0.0
Eastleigh,7000.0,0.0,0.0,695.71,0.0,0.0,0.0,0.0,0.0,0.0
Edinburgh East and Musselburgh,25000.0,0.0,0.0,0.0,0.0,0.0,0.0,0.0,0.0,0.0
Edinburgh North and Leith,34001.64,0.0,16269.01,0.0,0.0,1070.0,0.0,0.0,0.0,0.0
Edinburgh South,15220.369999999999,0.0,0.0,0.0,0.0,360.0,0.0,0.0,0.0,0.0
Edinburgh South West,0.0,0.0,0.0,0.0,0.0,0.0,0.0,0.0,0.0,0.0
Edinburgh West,23500.0,0.0,0.0,0.0,0.0,2774.91,0.0,0.0,0.0,0.0
Edmonton and Winchmore Hill,7500.0,0.0,0.0,0.0,0.0,0.0,0.0,0.0,0.0,0.0
Ellesmere Port and Bromborough,3000.0,0.0,0.0,0.0,0.0,388.0,0.0,0.0,0.0,0.0
Eltham and Chislehurst,4000.0,0.0,0.0,0.0,0.0,0.0,0.0,0.0,0.0,0.0
Ely and East Cambridgeshire,21500.0,0.0,0.0,650.18,0.0,1552.86,0.0,0.0,0.0,0.0
Enfield North,3500.0,0.0,0.0,0.0,0.0,0.0,0.0,0.0,0.0,0.0
Epping Forest,0.0,0.0,0.0,0.0,0.0,0.0,0.0,0.0,0.0,0.0
Epsom and Ewell,23425.0,0.0,0.0,0.0,0.0,783.9,0.0,0.0,0.0,0.0
Erewash,16000.0,0.0,798.67,0.0,0.0,0.0,0.0,0.0,0.0,0.0
Erith and Thamesmead,2000.0,0.0,0.0,0.0,0.0,1860.0,0.0,0.0,0.0,0.0
Esher and Walton,83496.0,0.0,0.0,0.0,0.0,1347.88,0.0,0.0,0.0,0.0
Exeter,2000.0,0.0,0.0,0.0,0.0,889.95,0.0,0.0,0.0,0.0
Exmouth and Exeter East,24000.0,0.0,0.0,0.0,0.0,550.0,0.0,0.0,0.0,0.0
Falkirk,2000.0,0.0,0.0,0.0,0.0,0.0,0.0,0.0,0.0,0.0
Fareham and Waterlooville,17200.0,0.0,101700.95999999999,0.0,0.0,2834.0,0.0,0.0,0.0,0.0
Farnham and Bordon,11500.0,0.0,2334.03,0.0,0.0,760.0,0.0,0.0,0.0,0.0
Faversham and Mid Kent,2000.0,0.0,0.0,0.0,0.0,452.0,0.0,0.0,0.0,0.0
Feltham and Heston,31338.58,0.0,0.0,0.0,0.0,0.0,0.0,0.0,0.0,0.0
Fermanagh and South Tyrone,0.0,0.0,0.0,0.0,0.0,0.0,0.0,0.0,0.0,0.0
Filton and Bradley Stoke,58732.270000000004,0.0,0.0,0.0,0.0,0.0,0.0,0.0,0.0,0.0
Finchley and Golders Green,59710.0,0.0,25207.9,0.0,0.0,0.0,0.0,0.0,0.0,0.0
Folkestone and Hythe,8280.0,0.0,25395.81,0.0,0.0,0.0,0.0,0.0,0.0,0.0
Forest of Dean,5000.0,0.0,0.0,730.59,0.0,0.0,0.0,0.0,0.0,0.0
Foyle,0.0,0.0,0.0,0.0,0.0,0.0,0.0,0.0,0.0,0.0
Frome and East Somerset,30552.86,0.0,0.0,0.0,0.0,0.0,0.0,0.0,0.0,0.0
Fylde,7000.0,0.0,0.0,0.0,0.0,0.0,0.0,0.0,0.0,0.0
Gainsborough,0.0,0.0,0.0,0.0,0.0,0.0,0.0,0.0,0.0,0.0
Gateshead Central and Whickham,6000.0,0.0,1074.32,0.0,0.0,0.0,0.0,0.0,0.0,0.0
Gedling,55689.78,0.0,2543.63,71963.95999999999,0.0,0.0,0.0,0.0,0.0,0.0
Gillingham and Rainham,35000.0,0.0,1447.21,0.0,0.0,0.0,0.0,0.0,0.0,0.0
Glasgow East,10000.0,0.0,0.0,0.0,0.0,0.0,0.0,0.0,0.0,0.0
Glasgow North,15000.0,0.0,836.02,0.0,0.0,0.0,0.0,0.0,0.0,0.0
Glasgow North East,7000.0,0.0,0.0,0.0,0.0,0.0,0.0,0.0,0.0,0.0
Glasgow South,22500.0,0.0,0.0,0.0,0.0,550.0,0.0,0.0,0.0,0.0
Glasgow South West,30000.0,0.0,0.0,0.0,0.0,0.0,0.0,0.0,0.0,0.0
Glasgow West,7000.0,0.0,292.4,0.0,0.0,0.0,0.0,0.0,0.0,0.0
Glastonbury and Somerton,22000.0,0.0,0.0,1223.38,0.0,0.0,0.0,0.0,0.0,0.0
Glenrothes and Mid Fife,9000.0,0.0,1228.75,0.0,0.0,0.0,0.0,0.0,0.0,0.0
Gloucester,25000.0,0.0,1659.25,0.0,0.0,0.0,0.0,0.0,0.0,0.0
Godalming and Ash,0.0,0.0,4000.0,0.0,0.0,5382.95,0.0,0.0,0.0,0.0
Goole and Pocklington,0.0,0.0,1000.0,33900.0,0.0,0.0,0.0,0.0,0.0,0.0
Gordon and Buchan,14500.0,0.0,1900.0,0.0,0.0,0.0,0.0,0.0,0.0,0.0
Gorton and Denton,2500.0,0.0,0.0,0.0,0.0,0.0,0.0,0.0,0.0,0.0
Gosport,19500.0,0.0,0.0,50000.0,0.0,7582.5,0.0,0.0,0.0,0.0
Gower,10000.0,0.0,0.0,0.0,0.0,5735.0,0.0,0.0,0.0,0.0
Grantham and Bourne,17500.0,0.0,0.0,0.0,0.0,0.0,0.0,0.0,0.0,0.0
Gravesham,34611.0,0.0,0.0,3107.4700000000003,0.0,0.0,0.0,0.0,0.0,0.0
Great Grimsby and Cleethorpes,41219.6,0.0,0.0,0.0,0.0,0.0,0.0,0.0,0.0,0.0
Great Yarmouth,0.0,0.0,4643.99,0.0,0.0,500.0,0.0,0.0,0.0,0.0
Greenwich and Woolwich,10000.0,0.0,0.0,0.0,0.0,0.0,0.0,0.0,0.0,0.0
Guildford,110600.0,0.0,0.0,0.0,0.0,1552.86,0.0,0.0,0.0,0.0
Hackney North and Stoke Newington,18000.0,0.0,25090.0,0.0,0.0,1144.0,0.0,0.0,0.0,0.0
Hackney South and Shoreditch,0.0,0.0,0.0,0.0,0.0,882.62,0.0,0.0,0.0,0.0
Halesowen,11300.0,0.0,0.0,0.0,0.0,0.0,0.0,0.0,0.0,0.0
Halifax,9800.0,0.0,1475.23,0.0,0.0,1206.0,0.0,0.0,0.0,0.0
Hamble Valley,2500.0,0.0,0.0,0.0,0.0,0.0,0.0,0.0,0.0,0.0
Hamilton and Clyde Valley,25000.0,0.0,3646.72,0.0,0.0,0.0,0.0,0.0,0.0,0.0
Hammersmith and Chiswick,0.0,0.0,0.0,0.0,0.0,0.0,0.0,0.0,0.0,0.0
Hampstead and Highgate,61301.0,0.0,0.0,0.0,0.0,1211.0,0.0,0.0,0.0,0.0
"Harborough, Oadby and Wigston",0.0,0.0,0.0,0.0,414.0,0.0,0.0,0.0,0.0,0.0
Harlow,29000.0,0.0,0.0,0.0,0.0,0.0,0.0,0.0,0.0,0.0
Harpenden and Berkhamsted,123500.0,0.0,0.0,0.0,0.0,1183.9,0.0,0.0,0.0,0.0
Harrogate and Knaresborough,48500.0,0.0,0.0,0.0,0.0,660.0,0.0,0.0,0.0,0.0
Harrow East,24141.0,0.0,0.0,0.0,0.0,0.0,0.0,0.0,0.0,0.0
Harrow West,9000.0,0.0,0.0,0.0,0.0,3000.0,0.0,0.0,0.0,0.0
Hartlepool,37500.0,0.0,0.0,694.17,0.0,0.0,0.0,0.0,0.0,0.0
Harwich and North Essex,26618.5,0.0,650.0,0.0,0.0,500.0,0.0,0.0,0.0,0.0
Hastings and Rye,57322.4,0.0,7588.42,0.0,0.0,967.3499999999999,0.0,0.0,0.0,0.0
Havant,125407.0,0.0,0.0,0.0,0.0,0.0,0.0,0.0,0.0,0.0
Hayes and Harlington,77569.0,0.0,0.0,0.0,0.0,0.0,0.0,0.0,0.0,0.0
Hazel Grove,122239.9,0.0,974.69,1444.78,0.0,863.69,0.0,0.0,0.0,0.0
Hemel Hempstead,21519.0,0.0,0.0,0.0,0.0,578.26,0.0,0.0,0.0,0.0
Hendon,32500.0,0.0,0.0,0.0,0.0,0.0,0.0,0.0,0.0,0.0
Henley and Thame,49100.0,0.0,0.0,2394.24,0.0,1675.85,0.0,0.0,0.0,0.0
Hereford and South Herefordshire,35000.0,0.0,4860.3,0.0,0.0,0.0,0.0,0.0,0.0,0.0
Herne Bay and Sandwich,0.0,0.0,0.0,0.0,0.0,0.0,0.0,0.0,0.0,0.0
Hertford and Stortford,0.0,0.0,0.0,0.0,0.0,0.0,0.0,0.0,0.0,0.0
Hertsmere,22000.0,0.0,60000.0,0.0,0.0,0.0,0.0,0.0,0.0,0.0
Hexham,20250.0,0.0,0.0,0.0,0.0,1660.0,0.0,0.0,0.0,0.0
Heywood and Middleton North,14000.0,0.0,750.04,0.0,0.0,850.83,0.0,0.0,0.0,0.0
High Peak,16750.0,0.0,0.0,0.0,0.0,0.0,0.0,0.0,0.0,0.0
Hinckley and Bosworth,10000.0,0.0,0.0,0.0,0.0,0.0,0.0,0.0,0.0,0.0
Hitchin,23000.0,0.0,0.0,0.0,0.0,0.0,0.0,0.0,0.0,0.0
Holborn and St Pancras,6000.0,0.0,1674.0,0.0,0.0,72705.8,0.0,0.0,0.0,0.0
Honiton and Sidmouth,12000.0,0.0,0.0,0.0,0.0,324.91,0.0,0.0,0.0,0.0
Hornsey and Friern Barnet,2000.0,0.0,0.0,0.0,0.0,0.0,0.0,0.0,0.0,0.0
Horsham,5000.0,0.0,0.0,7186.5,0.0,0.0,0.0,0.0,0.0,0.0
Houghton and Sunderland South,32450.0,0.0,500.0,0.0,0.0,2827.1,0.0,0.0,0.0,0.0
Hove and Portslade,113560.0,0.0,0.0,0.0,0.0,2644.0,0.0,0.0,0.0,0.0
Huntingdon,0.0,0.0,0.0,0.0,0.0,2500.0,0.0,0.0,0.0,0.0
Hyndburn,2000.0,0.0,0.0,0.0,0.0,0.0,0.0,0.0,0.0,0.0
Ilford North,118134.0,0.0,8200.0,0.0,0.0,3695.36,0.0,0.0,0.0,0.0
Ilford South,0.0,0.0,400.0,0.0,0.0,450.0,0.0,0.0,0.0,0.0
Inverclyde and Renfrewshire West,38500.0,0.0,982.5,0.0,0.0,0.0,0.0,0.0,0.0,0.0
"Inverness, Skye and West Ross-shire",104100.0,0.0,0.0,21345.0,0.0,0.0,0.0,0.0,0.0,0.0
Ipswich,56727.3,0.0,0.0,0.0,0.0,880.0,0.0,0.0,0.0,0.0
Isle of Wight East,5000.0,0.0,0.0,1942.7600000000002,0.0,0.0,0.0,0.0,0.0,0.0
Isle of Wight West,0.0,0.0,0.0,0.0,0.0,651.0,0.0,0.0,0.0,0.0
Islington North,88631.29000000001,0.0,0.0,0.0,0.0,75132.04,0.0,0.0,0.0,0.0
Islington South and Finsbury,0.0,0.0,1850.0,0.0,0.0,0.0,0.0,0.0,0.0,0.0
Jarrow and Gateshead East,22000.0,0.0,0.0,0.0,0.0,360.0,0.0,0.0,0.0,0.0
Keighley and Ilkley,13926.11,0.0,0.0,0.0,0.0,450.0,0.0,0.0,0.0,0.0
Kenilworth and Southam,16000.0,0.0,0.0,4000.0,0.0,0.0,0.0,0.0,0.0,0.0
Kensington and Bayswater,97510.0,0.0,11054.89,0.0,0.0,0.0,0.0,0.0,0.0,0.0
Kettering,11500.0,0.0,0.0,0.0,0.0,0.0,0.0,0.0,0.0,0.0
Kilmarnock and Loudoun,0.0,0.0,0.0,5729.13,0.0,0.0,0.0,0.0,0.0,0.0
Kingston and Surbiton,72750.0,0.0,0.0,0.0,0.0,3882.0,0.0,0.0,0.0,0.0
Kingston upon Hull East,5000.0,0.0,0.0,0.0,0.0,0.0,0.0,0.0,0.0,0.0
Kingston upon Hull North and Cottingham,0.0,0.0,0.0,0.0,0.0,0.0,0.0,0.0,0.0,0.0
Kingston upon Hull West and Haltemprice,27000.0,0.0,0.0,0.0,0.0,0.0,0.0,0.0,0.0,0.0
Kingswinford and South Staffordshire,7750.0,0.0,0.0,0.0,0.0,0.0,0.0,0.0,0.0,0.0
Kingswood,0.0,0.0,0.0,0.0,0.0,0.0,0.0,0.0,0.0,0.0
Knowsley,9650.0,0.0,2279.0,0.0,0.0,450.0,0.0,0.0,0.0,0.0
Lancaster and Wyre,23250.0,0.0,0.0,0.0,0.0,0.0,0.0,0.0,0.0,0.0
Leeds Central and Headingley,0.0,0.0,0.0,0.0,0.0,5579.0,0.0,0.0,0.0,0.0
Leeds East,15000.0,0.0,0.0,0.0,0.0,0.0,0.0,0.0,0.0,0.0
Leeds North East,0.0,0.0,0.0,0.0,0.0,0.0,0.0,0.0,0.0,0.0
Leeds North West,34000.0,0.0,0.0,0.0,0.0,0.0,0.0,0.0,0.0,0.0
Leeds South,0.0,0.0,0.0,0.0,0.0,0.0,0.0,0.0,0.0,0.0
Leeds South West and Morley,32500.0,0.0,0.0,1783.54,0.0,0.0,0.0,0.0,0.0,0.0
Leeds West and Pudsey,289709.62,0.0,0.0,0.0,0.0,1019.0,0.0,0.0,0.0,0.0
Leicester East,8901.0,0.0,0.0,0.0,0.0,0.0,0.0,0.0,0.0,0.0
Leicester South,63485.0,0.0,0.0,0.0,0.0,0.0,0.0,0.0,0.0,0.0
Leicester West,7500.0,0.0,0.0,0.0,0.0,1500.0,0.0,0.0,0.0,0.0
Leigh and Atherton,9000.0,0.0,541.98,0.0,0.0,0.0,0.0,0.0,0.0,0.0
Lewes,57060.0,0.0,0.0,1609.6599999999999,0.0,2118.5,0.0,0.0,0.0,0.0
Lewisham North,0.0,0.0,0.0,0.0,0.0,476.0,0.0,0.0,0.0,0.0
Lewisham West and East Dulwich,0.0,0.0,0.0,0.0,0.0,1350.0,0.0,0.0,0.0,0.0
Leyton and Wanstead,10000.0,0.0,0.0,0.0,0.0,760.0,0.0,0.0,0.0,0.0
Lichfield,2000.0,0.0,0.0,0.0,0.0,0.0,0.0,0.0,0.0,0.0
Lincoln,52600.0,0.0,0.0,0.0,0.0,0.0,0.0,0.0,0.0,0.0
Liverpool Garston,3000.0,0.0,0.0,0.0,0.0,0.0,0.0,0.0,0.0,0.0
Liverpool Riverside,8000.0,0.0,0.0,0.0,0.0,1396.0,0.0,0.0,0.0,0.0
Liverpool Walton,9360.0,0.0,0.0,0.0,0.0,4261.0,0.0,0.0,0.0,0.0
Liverpool Wavertree,8000.0,0.0,0.0,0.0,0.0,0.0,0.0,0.0,0.0,0.0
Liverpool West Derby,17450.0,0.0,0.0,0.0,0.0,900.0,0.0,0.0,0.0,0.0
Livingston,20000.0,0.0,2288.46,0.0,0.0,2254.0,0.0,0.0,0.0,0.0
Llanelli,5000.0,0.0,0.0,0.0,0.0,0.0,0.0,0.0,0.0,0.0
Lothian East,45000.0,0.0,0.0,0.0,0.0,868.75,0.0,0.0,0.0,0.0
Loughborough,48948.0,0.0,0.0,0.0,0.0,0.0,0.0,0.0,0.0,0.0
Louth and Horncastle,5000.0,0.0,0.0,0.0,0.0,545.44,0.0,0.0,0.0,0.0
Lowestoft,55205.0,0.0,0.0,0.0,0.0,0.0,0.0,0.0,0.0,0.0
Luton North,5000.0,0.0,0.0,0.0,0.0,850.0,0.0,0.0,0.0,0.0
Luton South and South Bedfordshire,7500.0,0.0,0.0,0.0,0.0,0.0,0.0,0.0,0.0,0.0
Macclesfield,16000.0,0.0,0.0,5000.0,0.0,0.0,0.0,0.0,0.0,0.0
Maidenhead,7000.0,0.0,0.0,1514.1799999999998,0.0,1552.86,0.0,0.0,0.0,0.0
Maidstone and Malling,16768.58,0.0,0.0,0.0,1440.0,2247.0,0.0,0.0,0.0,0.0
Makerfield,59500.0,0.0,4340.33,0.0,0.0,672.0,0.0,0.0,0.0,0.0
Maldon,5000.0,0.0,0.0,0.0,0.0,6160.0,0.0,0.0,0.0,0.0
Manchester Central,0.0,0.0,0.0,0.0,0.0,5374.0,0.0,0.0,0.0,0.0
Manchester Rusholme,3900.0,0.0,0.0,0.0,0.0,0.0,0.0,0.0,0.0,0.0
Manchester Withington,2000.0,0.0,0.0,0.0,0.0,2918.0,0.0,0.0,0.0,0.0
Mansfield,35921.2,0.0,2230.77,0.0,0.0,0.0,0.0,0.0,0.0,0.0
Melksham and Devizes,10000.0,0.0,0.0,1322.42,0.0,2000.0,0.0,0.0,0.0,0.0
Melton and Syston,8500.0,0.0,0.0,0.0,0.0,0.0,0.0,0.0,0.0,0.0
Meriden and Solihull East,20000.0,0.0,0.0,0.0,0.0,323.0,0.0,0.0,0.0,0.0
Merthyr Tydfil and Aberdare,8500.0,0.0,0.0,0.0,0.0,320.28,0.0,0.0,0.0,0.0
Mid Bedfordshire,6400.0,0.0,1407.3000000000002,0.0,0.0,0.0,0.0,0.0,0.0,0.0
Mid Buckinghamshire,19500.0,0.0,0.0,0.0,0.0,9081.6,0.0,0.0,0.0,0.0
Mid Cheshire,12000.0,0.0,3036.46,0.0,0.0,0.0,0.0,0.0,0.0,0.0
Mid Derbyshire,0.0,0.0,1569.29,0.0,0.0,0.0,0.0,0.0,0.0,0.0
Mid Dorset and North Poole,22625.0,0.0,0.0,24085.0,0.0,1552.86,0.0,0.0,0.0,0.0
Mid Dunbartonshire,33552.86,0.0,0.0,21345.0,0.0,0.0,0.0,0.0,0.0,0.0
Mid Leicestershire,0.0,0.0,0.0,1006.75,0.0,2635.0,0.0,0.0,0.0,0.0
Mid Norfolk,0.0,0.0,0.0,27000.0,0.0,4900.0,0.0,0.0,0.0,0.0
Mid Sussex,42230.0,0.0,0.0,475.0,0.0,1867.2,0.0,0.0,0.0,0.0
Mid Ulster,0.0,0.0,0.0,0.0,0.0,0.0,0.0,0.0,0.0,0.0
Mid and South Pembrokeshire,15327.279999999999,0.0,0.0,0.0,0.0,0.0,0.0,0.0,0.0,0.0
Middlesbrough South and East Cleveland,21000.0,0.0,0.0,0.0,0.0,0.0,0.0,0.0,0.0,0.0
Middlesbrough and Thornaby East,25000.0,0.0,0.0,0.0,0.0,0.0,0.0,0.0,0.0,0.0
Midlothian,44000.0,0.0,1327.07,0.0,0.0,445.0,0.0,0.0,0.0,0.0
Milton Keynes Central,2000.0,0.0,0.0,1024.93,0.0,0.0,0.0,0.0,0.0,0.0
Milton Keynes North,25500.0,0.0,4800.0,0.0,0.0,0.0,0.0,0.0,0.0,0.0
Mitcham and Morden,0.0,0.0,0.0,0.0,0.0,1200000.0,0.0,0.0,0.0,0.0
Monmouthshire,25321.96,0.0,0.0,0.0,0.0,0.0,0.0,0.0,0.0,0.0
Montgomeryshire and Glyndŵr,20000.0,0.0,0.0,0.0,0.0,0.0,0.0,0.0,0.0,0.0
"Moray West, Nairn and Strathspey",2000.0,0.0,0.0,2223.83,0.0,0.0,0.0,0.0,0.0,0.0
Morecambe and Lunesdale,15000.0,0.0,2240.14,0.0,0.0,0.0,0.0,0.0,0.0,0.0
"Motherwell, Wishaw and Carluke",10000.0,0.0,0.0,0.0,0.0,0.0,0.0,0.0,0.0,0.0
Na h-Eileanan an Iar,10000.0,0.0,550.0,0.0,0.0,350.0,0.0,0.0,0.0,0.0
Neath and Swansea East,4000.0,0.0,900.0,0.0,0.0,0.0,0.0,0.0,0.0,0.0
New Forest East,0.0,0.0,0.0,0.0,0.0,0.0,0.0,0.0,0.0,0.0
New Forest West,0.0,0.0,0.0,0.0,0.0,0.0,0.0,0.0,0.0,0.0
Newark,799026.71,0.0,0.0,0.0,0.0,0.0,0.0,0.0,0.0,0.0
Newbury,36000.0,0.0,0.0,965.66,0.0,1552.86,0.0,0.0,0.0,0.0
Newcastle upon Tyne Central and West,35302.5,0.0,0.0,0.0,0.0,3400.0,0.0,0.0,0.0,0.0
Newcastle upon Tyne East and Wallsend,2000.0,0.0,0.0,0.0,0.0,0.0,0.0,0.0,0.0,0.0
Newcastle upon Tyne North,0.0,0.0,1000.0,0.0,0.0,2500.0,0.0,0.0,0.0,0.0
Newcastle-under-Lyme,58100.0,0.0,0.0,0.0,0.0,0.0,0.0,0.0,0.0,0.0
Newport East,4727.26,0.0,0.0,0.0,0.0,450.0,0.0,0.0,0.0,0.0
Newport West and Islwyn,18314.0,0.0,0.0,0.0,0.0,468.0,0.0,0.0,0.0,0.0
Newry and Armagh,0.0,0.0,0.0,0.0,0.0,0.0,0.0,0.0,0.0,0.0
Newton Abbot,0.0,0.0,6986.07,3628.68,0.0,1029.62,0.0,0.0,0.0,0.0
Newton Aycliffe and Spennymoor,7000.0,0.0,0.0,0.0,0.0,0.0,0.0,0.0,0.0,0.0
Normanton and Hemsworth,14000.0,0.0,0.0,0.0,0.0,0.0,0.0,0.0,0.0,0.0
North Antrim,1478.0,0.0,0.0,0.0,0.0,0.0,0.0,0.0,0.0,0.0
North Ayrshire and Arran,11000.0,0.0,755.76,0.0,0.0,0.0,0.0,0.0,0.0,0.0
North Bedfordshire,7000.0,0.0,4750.0,45000.0,0.0,1065.0,0.0,0.0,0.0,0.0
North Cornwall,46795.0,0.0,0.0,7720.87,0.0,0.0,0.0,0.0,0.0,0.0
North Cotswolds,0.0,0.0,27111.05,20000.0,0.0,0.0,0.0,0.0,0.0,0.0
North Devon,21000.0,0.0,3329.02,2815.0699999999997,0.0,1310.75,0.0,0.0,0.0,0.0
North Dorset,4232.0,0.0,0.0,0.0,0.0,0.0,0.0,0.0,0.0,0.0
North Durham,19500.0,0.0,1084.62,0.0,0.0,0.0,0.0,0.0,0.0,0.0
North East Cambridgeshire,37698.0,0.0,0.0,0.0,0.0,0.0,0.0,0.0,0.0,0.0
North East Derbyshire,35000.0,0.0,423.08,0.0,0.0,0.0,0.0,0.0,0.0,0.0
North East Fife,19800.0,0.0,0.0,0.0,0.0,1974.91,0.0,0.0,0.0,0.0
North East Hampshire,5500.0,0.0,0.0,0.0,0.0,0.0,0.0,0.0,0.0,0.0
North East Hertfordshire,0.0,0.0,56.23,1051.75,0.0,0.0,0.0,0.0,0.0,0.0
North East Somerset and Hanham,63800.0,0.0,1559.68,7993.29,0.0,0.0,0.0,0.0,0.0,0.0
North Herefordshire,75441.4,0.0,974.67,0.0,0.0,706.6,0.0,0.0,0.0,0.0
North Norfolk,38150.69,0.0,702.0,12469.0,0.0,0.0,0.0,0.0,0.0,0.0
North Northumberland,2000.0,0.0,0.0,0.0,0.0,0.0,0.0,0.0,0.0,0.0
North Shropshire,26450.0,0.0,0.0,0.0,0.0,324.91,0.0,0.0,0.0,0.0
North Somerset,6000.0,0.0,1143.94,0.0,0.0,960.0,0.0,0.0,0.0,0.0
North Warwickshire and Bedworth,21000.0,0.0,0.0,7579.04,0.0,1290.0,0.0,0.0,0.0,0.0
North West Cambridgeshire,0.0,0.0,1132.98,0.0,0.0,0.0,0.0,0.0,0.0,0.0
North West Essex,618674.95,0.0,0.0,0.0,0.0,0.0,0.0,0.0,0.0,0.0
North West Hampshire,7500.0,0.0,0.0,0.0,0.0,0.0,0.0,0.0,0.0,0.0
North West Leicestershire,26519.0,0.0,907.22,1449.42,0.0,1028.26,0.0,0.0,0.0,0.0
North West Norfolk,5500.0,0.0,0.0,0.0,0.0,350.0,0.0,0.0,0.0,0.0
Northampton North,37636.6,0.0,6477.81,0.0,0.0,1133.0,0.0,0.0,0.0,0.0
Northampton South,28891.059999999998,0.0,0.0,0.0,0.0,0.0,0.0,0.0,0.0,0.0
Norwich North,48733.0,0.0,0.0,0.0,0.0,0.0,0.0,0.0,0.0,0.0
Norwich South,67043.09,0.0,2400.0,0.0,0.0,1209.47,0.0,0.0,0.0,0.0
Nottingham East,7000.0,0.0,0.0,0.0,0.0,0.0,0.0,0.0,0.0,0.0
Nottingham North and Kimberley,2000.0,0.0,0.0,0.0,0.0,600.0,0.0,0.0,0.0,0.0
Nottingham South,2000.0,0.0,0.0,0.0,0.0,1050.0,0.0,0.0,0.0,0.0
Nuneaton,18000.0,0.0,0.0,357.9,0.0,0.0,0.0,0.0,0.0,0.0
Old Bexley and Sidcup,0.0,0.0,0.0,0.0,0.0,590.0,0.0,0.0,0.0,0.0
Oldham East and Saddleworth,3900.0,0.0,0.0,0.0,0.0,0.0,0.0,0.0,0.0,0.0
"Oldham West, Chadderton and Royton",2000.0,0.0,0.0,0.0,0.0,0.0,0.0,0.0,0.0,0.0
Orkney and Shetland,10000.0,0.0,2100.0,0.0,0.0,324.91,0.0,0.0,0.0,0.0
Orpington,0.0,0.0,0.0,0.0,0.0,0.0,0.0,0.0,0.0,0.0
Ossett and Denby Dale,40500.0,0.0,0.0,2872.29,0.0,0.0,0.0,0.0,0.0,0.0
Oxford East,0.0,0.0,2604.4300000000003,0.0,0.0,755.0,0.0,0.0,0.0,0.0
Oxford West and Abingdon,29079.61,0.0,0.0,17637.0,0.0,716.9100000000001,0.0,0.0,0.0,0.0
Paisley and Renfrewshire North,16250.0,0.0,0.0,0.0,0.0,0.0,0.0,0.0,0.0,0.0
Paisley and Renfrewshire South,29550.0,0.0,0.0,0.0,0.0,0.0,0.0,0.0,0.0,0.0
Peckham,37000.0,0.0,0.0,0.0,0.0,0.0,0.0,0.0,0.0,0.0
Pendle and Clitheroe,28250.0,0.0,0.0,0.0,0.0,0.0,0.0,0.0,0.0,0.0
Penistone and Stocksbridge,52300.0,0.0,0.0,0.0,0.0,0.0,0.0,0.0,0.0,0.0
Penrith and Solway,15000.0,0.0,0.0,0.0,0.0,0.0,0.0,0.0,0.0,0.0
Perth and Kinross-shire,0.0,0.0,0.0,0.0,0.0,0.0,0.0,0.0,0.0,0.0
Peterborough,72025.0,0.0,2645.64,0.0,0.0,0.0,0.0,0.0,0.0,0.0
Plymouth Moor View,107992.18,0.0,0.0,0.0,0.0,1389.95,0.0,0.0,0.0,0.0
Plymouth Sutton and Devonport,8584.0,0.0,0.0,0.0,0.0,440.9,0.0,0.0,0.0,0.0
"Pontefract, Castleford and Knottingley",108592.23999999999,0.0,925.44,0.0,0.0,3555.6,0.0,0.0,0.0,0.0
Pontypridd,23000.0,0.0,0.0,0.0,0.0,1158.0,0.0,0.0,0.0,0.0
Poole,16000.0,0.0,0.0,678.72,0.0,0.0,0.0,0.0,0.0,0.0
Poplar and Limehouse,21000.0,0.0,0.0,0.0,0.0,0.0,0.0,0.0,0.0,0.0
Portsmouth North,12000.0,0.0,2742.18,0.0,0.0,1780.0,0.0,0.0,0.0,0.0
Portsmouth South,0.0,0.0,0.0,0.0,0.0,1780.0,0.0,0.0,0.0,0.0
Preston,4430.0,0.0,0.0,0.0,0.0,1400.0,0.0,0.0,0.0,0.0
Putney,5150.0,0.0,0.0,0.0,0.0,0.0,0.0,0.0,0.0,0.0
Queen's Park and Maida Vale,6018.52,0.0,1564.88,4862.25,0.0,0.0,0.0,0.0,0.0,0.0
Rawmarsh and Conisbrough,65940.29999999999,0.0,0.0,0.0,0.0,0.0,0.0,0.0,0.0,0.0
Rayleigh and Wickford,22500.0,0.0,0.0,0.0,0.0,0.0,0.0,0.0,0.0,0.0
Reading Central,15675.0,0.0,0.0,0.0,0.0,0.0,0.0,0.0,0.0,0.0
Reading West and Mid Berkshire,20000.0,0.0,2762.23,0.0,0.0,3300.0,0.0,0.0,0.0,0.0
Redcar,49000.0,0.0,2950.35,0.0,0.0,900.0,0.0,0.0,0.0,0.0
Redditch,20500.0,0.0,2500.0,0.0,0.0,0.0,0.0,0.0,0.0,0.0
Reigate,5000.0,0.0,0.0,1180.0,0.0,551.0,0.0,0.0,0.0,0.0
Rhondda and Ogmore,9000.0,0.0,129186.17,0.0,0.0,7452.92,0.0,0.0,0.0,0.0
Ribble Valley,5000.0,0.0,677.86,0.0,0.0,302.0,0.0,0.0,0.0,0.0
Richmond Park,15800.0,0.0,0.0,0.0,0.0,1050.0,0.0,0.0,0.0,0.0
Richmond and Northallerton,4719.25,0.0,0.0,0.0,0.0,11496.0,0.0,0.0,0.0,0.0
Rochdale,9000.0,0.0,0.0,0.0,0.0,0.0,0.0,0.0,0.0,0.0
Rochester and Strood,37000.0,0.0,1335.47,0.0,0.0,0.0,0.0,0.0,0.0,0.0
Romford,27800.0,0.0,0.0,0.0,0.0,8123.6,0.0,0.0,0.0,0.0
Romsey and Southampton North,22550.0,0.0,0.0,0.0,0.0,3520.0,0.0,0.0,0.0,0.0
Rossendale and Darwen,15000.0,0.0,0.0,5436.92,0.0,0.0,0.0,0.0,0.0,0.0
Rother Valley,30500.0,0.0,52070.0,0.0,0.0,1250.0,0.0,0.0,0.0,0.0
Rotherham,0.0,0.0,0.0,0.0,0.0,0.0,0.0,0.0,0.0,0.0
Rugby,15000.0,0.0,0.0,0.0,0.0,0.0,0.0,0.0,0.0,0.0
"Ruislip, Northwood and Pinner",20000.0,0.0,0.0,0.0,0.0,3000.0,0.0,0.0,0.0,0.0
Runcorn and Helsby,5000.0,0.0,0.0,0.0,0.0,0.0,0.0,0.0,0.0,0.0
Runnymede and Weybridge,6868.0,0.0,0.0,0.0,0.0,1550.0,0.0,0.0,0.0,0.0
Rushcliffe,18000.0,0.0,0.0,7623.0,0.0,0.0,0.0,0.0,0.0,0.0
Rutherglen,17890.0,0.0,0.0,0.0,0.0,0.0,0.0,0.0,0.0,0.0
Rutland and Stamford,12500.0,0.0,1000.0,0.0,0.0,1582.0,0.0,0.0,0.0,0.0
Salford,52188.0,0.0,0.0,0.0,0.0,0.0,0.0,0.0,0.0,0.0
Salisbury,0.0,0.0,0.0,0.0,0.0,0.0,0.0,0.0,0.0,0.0
Scarborough and Whitby,43625.0,0.0,10923.74,0.0,0.0,0.0,0.0,0.0,0.0,0.0
Scunthorpe,28000.0,0.0,0.0,0.0,0.0,0.0,0.0,0.0,0.0,0.0
Sedgefield,24000.0,0.0,0.0,0.0,0.0,550.0,0.0,0.0,0.0,0.0
Sefton Central,12000.0,0.0,0.0,0.0,0.0,1800.0,0.0,0.0,0.0,0.0
Selby,33700.0,0.0,0.0,0.0,0.0,896.0,0.0,0.0,0.0,0.0
Sevenoaks,18270.0,0.0,0.0,0.0,0.0,4702.0,0.0,0.0,0.0,0.0
Sheffield Central,5000.0,0.0,0.0,0.0,0.0,2000.0,0.0,0.0,0.0,0.0
Sheffield Hallam,31570.0,0.0,0.0,0.0,0.0,0.0,0.0,0.0,0.0,0.0
Sheffield Heeley,65308.33,0.0,0.0,0.0,0.0,1580.0,0.0,0.0,0.0,0.0
Sheffield South East,0.0,0.0,0.0,0.0,0.0,400.0,0.0,0.0,0.0,0.0
Sherwood Forest,23000.0,0.0,835.63,21166.0,0.0,0.0,0.0,0.0,0.0,0.0
Shipley,44000.0,0.0,1450.0,0.0,0.0,0.0,0.0,0.0,0.0,0.0
Shrewsbury,11600.0,0.0,0.0,0.0,0.0,0.0,0.0,0.0,0.0,0.0
Sittingbourne and Sheppey,0.0,0.0,1198.26,0.0,0.0,0.0,0.0,0.0,0.0,0.0
Skipton and Ripon,17500.010000000002,0.0,0.0,0.0,0.0,1125.0,0.0,0.0,0.0,0.0
Sleaford and North Hykeham,0.0,0.0,713.4,25203.6,0.0,700.0,0.0,0.0,0.0,0.0
Slough,41500.0,0.0,0.0,0.0,0.0,895.0,0.0,0.0,0.0,0.0
Smethwick,0.0,0.0,0.0,0.0,0.0,0.0,0.0,0.0,0.0,0.0
Solihull West and Shirley,4133.92,0.0,38606.67,0.0,0.0,0.0,0.0,0.0,0.0,0.0
South Antrim,9000.0,0.0,0.0,0.0,0.0,0.0,0.0,0.0,0.0,0.0
South Basildon and East Thurrock,0.0,0.0,2136.35,0.0,0.0,0.0,0.0,0.0,0.0,0.0
South Cambridgeshire,51698.96,0.0,0.0,1574.5,0.0,600.0,0.0,0.0,0.0,0.0
South Cotswolds,44816.0,0.0,0.0,0.0,0.0,0.0,0.0,0.0,0.0,0.0
South Derbyshire,75500.0,0.0,0.0,0.0,0.0,0.0,0.0,0.0,0.0,0.0
South Devon,53709.0,0.0,0.0,0.0,0.0,1552.86,0.0,0.0,0.0,0.0
South Dorset,1932.0,0.0,0.0,4098.780000000001,0.0,0.0,0.0,0.0,0.0,0.0
South East Cornwall,2000.0,0.0,0.0,0.0,0.0,0.0,0.0,0.0,0.0,0.0
South Holland and The Deepings,22100.0,0.0,0.0,121713.6,0.0,0.0,0.0,0.0,0.0,0.0
South Leicestershire,11987.8,0.0,0.0,0.0,0.0,700.0,0.0,0.0,0.0,0.0
South Norfolk,2610.0,0.0,0.0,0.0,0.0,0.0,0.0,0.0,0.0,0.0
South Northamptonshire,7200.0,0.0,4825.59,0.0,0.0,3636.0,0.0,0.0,0.0,0.0
South Ribble,22000.0,0.0,0.0,2261.26,0.0,0.0,0.0,0.0,0.0,0.0
South Shields,0.0,0.0,0.0,0.0,0.0,0.0,0.0,0.0,0.0,0.0
South Shropshire,22360.0,0.0,0.0,0.0,0.0,810.0,0.0,0.0,0.0,0.0
South West Devon,17000.0,0.0,0.0,2260.0,0.0,1949.95,0.0,0.0,0.0,0.0
South West Hertfordshire,18984.13,0.0,0.0,0.0,0.0,200.0,0.0,0.0,0.0,0.0
South West Norfolk,0.0,0.0,303.49,0.0,0.0,0.0,0.0,0.0,0.0,0.0
South West Wiltshire,2000.0,0.0,8171.09,0.0,0.0,0.0,0.0,0.0,0.0,0.0
Southampton Itchen,27705.85,0.0,0.0,3037.37,0.0,0.0,0.0,0.0,0.0,0.0
Southampton Test,35000.0,0.0,0.0,32437.0,0.0,0.0,0.0,0.0,0.0,0.0
Southend East and Rochford,36133.53,0.0,0.0,0.0,0.0,0.0,0.0,0.0,0.0,0.0
Southend West and Leigh,5000.0,0.0,747.5,0.0,0.0,0.0,0.0,0.0,0.0,0.0
Southgate and Wood Green,0.0,0.0,0.0,0.0,0.0,350.0,0.0,0.0,0.0,0.0
Southport,41500.0,0.0,0.0,0.0,0.0,0.0,0.0,0.0,0.0,0.0
Spelthorne,0.0,0.0,0.0,0.0,0.0,2000.0,0.0,0.0,0.0,0.0
Spen Valley,22700.6,0.0,0.0,0.0,0.0,1799.2,0.0,0.0,0.0,0.0
St Albans,53680.96,0.0,0.0,0.0,0.0,6541.3099999999995,0.0,0.0,0.0,0.0
St Austell and Newquay,0.0,0.0,1269.69,0.0,0.0,0.0,0.0,0.0,0.0,0.0
St Helens North,0.0,0.0,0.0,0.0,0.0,1800.0,0.0,0.0,0.0,0.0
St Ives,68000.0,0.0,0.0,1530.66,0.0,0.0,0.0,0.0,0.0,0.0
St Neots and Mid Cambridgeshire,25750.0,0.0,0.0,0.0,0.0,1560.0,0.0,0.0,0.0,0.0
Stafford,20000.0,0.0,0.0,0.0,0.0,0.0,0.0,0.0,0.0,0.0
Staffordshire Moorlands,12000.0,0.0,1050.0,0.0,0.0,10400.0,0.0,0.0,0.0,0.0
Stalybridge and Hyde,4950.0,0.0,0.0,0.0,0.0,1269.28,0.0,0.0,0.0,0.0
Stevenage,13000.0,0.0,0.0,0.0,0.0,0.0,0.0,0.0,0.0,0.0
Stirling and Strathallan,0.0,0.0,0.0,3456.79,0.0,0.0,0.0,0.0,0.0,0.0
Stockport,18320.84,0.0,0.0,0.0,0.0,550.0,0.0,0.0,0.0,0.0
Stockton North,16000.0,0.0,28034.61,0.0,0.0,0.0,0.0,0.0,0.0,0.0
Stockton West,23000.0,0.0,0.0,0.0,0.0,0.0,0.0,0.0,0.0,0.0
Stoke-on-Trent Central,40000.0,0.0,0.0,0.0,0.0,0.0,0.0,0.0,0.0,0.0
Stoke-on-Trent North,20000.0,0.0,0.0,1000.0,0.0,0.0,0.0,0.0,0.0,0.0
Stoke-on-Trent South,17000.0,0.0,0.0,0.0,0.0,0.0,0.0,0.0,0.0,0.0
"Stone, Great Wyrley and Penkridge",5000.0,0.0,0.0,60000.0,0.0,760.0,0.0,0.0,0.0,0.0
Stourbridge,20000.0,0.0,797.77,0.0,0.0,0.0,0.0,0.0,0.0,0.0
Strangford,0.0,0.0,0.0,0.0,0.0,0.0,0.0,0.0,0.0,0.0
Stratford and Bow,7000.0,0.0,2345.8,0.0,0.0,0.0,0.0,0.0,0.0,0.0
Stratford-on-Avon,10700.0,0.0,310.53,1861.6200000000001,0.0,643.0,0.0,0.0,0.0,0.0
Streatham and Croydon North,175200.0,0.0,0.0,0.0,0.0,3667.1,0.0,0.0,0.0,0.0
Stretford and Urmston,0.0,0.0,0.0,0.0,0.0,2000.0,0.0,0.0,0.0,0.0
Stroud,10000.0,0.0,1250.0,0.0,0.0,0.0,0.0,0.0,0.0,0.0
Suffolk Coastal,2000.0,0.0,0.0,0.0,0.0,450.0,0.0,0.0,0.0,0.0
Sunderland Central,0.0,0.0,0.0,0.0,0.0,0.0,0.0,0.0,0.0,0.0
Surrey Heath,9000.0,0.0,0.0,5569.0,0.0,0.0,0.0,0.0,0.0,0.0
Sussex Weald,0.0,0.0,0.0,0.0,0.0,3265.0,0.0,0.0,0.0,0.0
Sutton Coldfield,32501.0,0.0,0.0,0.0,0.0,0.0,0.0,0.0,0.0,0.0
Sutton and Cheam,25500.0,0.0,0.0,7844.67,0.0,1552.86,0.0,0.0,0.0,0.0
Swansea West,3000.0,0.0,4011.24,0.0,0.0,0.0,0.0,0.0,0.0,0.0
Swindon North,11000.0,0.0,0.0,0.0,0.0,0.0,0.0,0.0,0.0,0.0
Swindon South,29000.0,0.0,0.0,0.0,0.0,0.0,0.0,0.0,0.0,0.0
Tamworth,26000.0,0.0,0.0,0.0,0.0,0.0,0.0,0.0,0.0,0.0
Tatton,0.0,0.0,3692.2999999999997,0.0,0.0,335.0,0.0,0.0,0.0,0.0
Taunton and Wellington,50354.0,0.0,2154.48,0.0,0.0,0.0,0.0,0.0,0.0,0.0
Telford,29450.0,0.0,1810.0,3057.38,0.0,1238.0,0.0,0.0,0.0,0.0
Tewkesbury,8000.0,0.0,0.0,0.0,0.0,0.0,0.0,0.0,0.0,0.0
The Wrekin,9500.0,0.0,8000.0,23883.33,0.0,0.0,0.0,0.0,0.0,0.0
Thirsk and Malton,4999.0,0.0,0.0,0.0,0.0,1800.0,0.0,0.0,0.0,0.0
Thornbury and Yate,12500.0,0.0,0.0,1405.32,0.0,2352.8599999999997,0.0,0.0,0.0,0.0
Thurrock,30450.0,0.0,0.0,0.0,0.0,0.0,0.0,0.0,0.0,0.0
Tipton and Wednesbury,17000.0,0.0,3065.14,0.0,0.0,0.0,0.0,0.0,0.0,0.0
Tiverton and Minehead,11514.61,0.0,0.0,500.0,0.0,1675.85,0.0,0.0,0.0,0.0
Tonbridge,326805.49,0.0,0.0,0.0,0.0,509.02,0.0,0.0,0.0,0.0
Tooting,13950.0,0.0,8080.0,0.0,0.0,0.0,0.0,0.0,0.0,0.0
Torbay,28392.0,0.0,0.0,0.0,0.0,1552.86,0.0,0.0,0.0,0.0
Torfaen,40521.759999999995,0.0,5171.799999999999,0.0,0.0,1719.0,0.0,0.0,0.0,0.0
Torridge and Tavistock,0.0,0.0,826664.17,293400.0,0.0,0.0,0.0,0.0,0.0,0.0
Tottenham,192173.55,0.0,33660.0,0.0,0.0,4800.0,0.0,0.0,0.0,0.0
Truro and Falmouth,34240.0,0.0,0.0,933.86,0.0,0.0,0.0,0.0,0.0,0.0
Tunbridge Wells,145786.4,0.0,513.28,0.0,0.0,1183.9,0.0,0.0,0.0,0.0
Twickenham,114760.0,0.0,0.0,0.0,0.0,3256.37,0.0,0.0,0.0,0.0
Upper Bann,0.0,0.0,0.0,2500.0,0.0,0.0,0.0,0.0,0.0,0.0
Uxbridge and South Ruislip,23500.0,0.0,2392.03,0.0,0.0,0.0,0.0,0.0,0.0,0.0
Vale of Glamorgan,55500.0,0.0,0.0,0.0,0.0,0.0,0.0,0.0,0.0,0.0
Vauxhall and Camberwell Green,2000.0,0.0,0.0,0.0,0.0,0.0,0.0,0.0,0.0,0.0
Wakefield and Rothwell,18375.0,0.0,500.0,0.0,0.0,0.0,0.0,0.0,0.0,0.0
Wallasey,0.0,0.0,0.0,0.0,0.0,0.0,0.0,0.0,0.0,0.0
Walsall and Bloxwich,0.0,0.0,0.0,0.0,0.0,0.0,0.0,0.0,0.0,0.0
Walthamstow,7000.0,0.0,820.9200000000001,0.0,0.0,0.0,0.0,0.0,0.0,0.0
Warrington North,10000.0,0.0,0.0,0.0,0.0,1500.0,0.0,0.0,0.0,0.0
Warrington South,28000.0,0.0,2465.61,0.0,0.0,0.0,0.0,0.0,0.0,0.0
Warwick and Leamington,0.0,0.0,0.0,0.0,0.0,0.0,0.0,0.0,0.0,0.0
Washington and Gateshead South,0.0,0.0,0.0,0.0,0.0,358.8,0.0,0.0,0.0,0.0
Watford,32500.0,0.0,3286.23,0.0,0.0,0.0,0.0,0.0,0.0,0.0
Waveney Valley,214375.0,0.0,0.0,0.0,0.0,1037.79,0.0,0.0,0.0,0.0
Weald of Kent,7200.0,0.0,0.0,0.0,0.0,400.0,0.0,0.0,0.0,0.0
Wellingborough and Rushden,11946.25,0.0,0.0,0.0,0.0,0.0,0.0,0.0,0.0,0.0
Wells and Mendip Hills,26500.0,0.0,0.0,15500.0,0.0,0.0,0.0,0.0,0.0,0.0
Welwyn Hatfield,53244.05,0.0,0.0,6179.66,0.0,0.0,0.0,0.0,0.0,0.0
West Aberdeenshire and Kincardine,0.0,0.0,0.0,0.0,0.0,0.0,0.0,0.0,0.0,0.0
West Bromwich,39500.0,0.0,0.0,0.0,0.0,0.0,0.0,0.0,0.0,0.0
West Dorset,56765.74,0.0,0.0,0.0,0.0,0.0,0.0,0.0,0.0,0.0
West Dunbartonshire,10000.0,0.0,0.0,2668.67,0.0,0.0,0.0,0.0,0.0,0.0
West Ham and Beckton,0.0,0.0,0.0,0.0,0.0,0.0,0.0,0.0,0.0,0.0
West Lancashire,0.0,0.0,0.0,0.0,0.0,0.0,0.0,0.0,0.0,0.0
West Suffolk,71500.0,0.0,0.0,145000.0,0.0,400.0,0.0,0.0,0.0,0.0
West Worcestershire,0.0,0.0,0.0,0.0,465.0,390.0,0.0,0.0,0.0,0.0
Westmorland and Lonsdale,141249.2,0.0,0.0,0.0,0.0,1427.41,0.0,0.0,0.0,0.0
Weston-super-Mare,2100.0,0.0,1046.2,0.0,0.0,0.0,0.0,0.0,0.0,0.0
Wetherby and Easingwold,4999.0,0.0,0.0,0.0,0.0,0.0,0.0,0.0,0.0,0.0
Whitehaven and Workington,71000.0,0.0,0.0,0.0,0.0,0.0,0.0,0.0,0.0,0.0
Widnes and Halewood,5000.0,0.0,0.0,0.0,0.0,500.0,0.0,0.0,0.0,0.0
Wigan,57000.08,0.0,0.0,0.0,0.0,0.0,0.0,0.0,0.0,0.0
Wimbledon,49628.0,0.0,0.0,1001.17,0.0,1552.86,0.0,0.0,0.0,0.0
Winchester,89705.0,0.0,0.0,0.0,0.0,1475.85,0.0,0.0,0.0,0.0
Windsor,23554.0,0.0,19590.0,8750.0,0.0,675.0,0.0,0.0,0.0,0.0
Wirral West,17000.0,0.0,3012.12,0.0,0.0,0.0,0.0,0.0,0.0,0.0
Witham,208900.0,0.0,0.0,0.0,0.0,4670.0,0.0,0.0,0.0,0.0
Witney,24000.0,0.0,0.0,0.0,0.0,0.0,0.0,0.0,0.0,0.0
Woking,45710.7,0.0,0.0,3762.46,0.0,0.0,0.0,0.0,0.0,0.0
Wokingham,70700.0,0.0,0.0,0.0,0.0,1552.9,0.0,0.0,0.0,0.0
Wolverhampton North East,35000.0,0.0,0.0,0.0,0.0,0.0,0.0,0.0,0.0,0.0
Wolverhampton South East,10000.0,0.0,0.0,0.0,0.0,5620.0,0.0,0.0,0.0,0.0
Wolverhampton West,14801.27,0.0,0.0,0.0,0.0,0.0,0.0,0.0,0.0,0.0
Worcester,20459.64,0.0,1149.4,0.0,0.0,0.0,0.0,0.0,0.0,0.0
Worsley and Eccles,3000.0,0.0,14566.67,4795.65,0.0,0.0,0.0,0.0,0.0,0.0
Worthing West,8700.0,0.0,1700.0,22000.0,0.0,0.0,0.0,0.0,0.0,0.0
Wrexham,5000.0,0.0,2218.59,0.0,0.0,0.0,0.0,0.0,0.0,0.0
Wycombe,19675.0,0.0,2975.86,0.0,0.0,0.0,0.0,0.0,0.0,0.0
Wyre Forest,0.0,0.0,7000.0,11000.0,0.0,0.0,0.0,0.0,0.0,0.0
Wythenshawe and Sale East,0.0,0.0,0.0,0.0,0.0,0.0,0.0,0.0,0.0,0.0
Yeovil,30500.0,0.0,0.0,1291.67,0.0,863.69,0.0,0.0,0.0,0.0
Ynys Môn,0.0,0.0,0.0,0.0,0.0,0.0,0.0,0.0,0.0,0.0
York Central,9000.0,0.0,0.0,0.0,0.0,0.0,0.0,0.0,0.0,0.0
York Outer,32221.75,0.0,1661.51,0.0,0.0,0.0,0.0,0.0,0.0,0.0
